feature,MI
assertive_verbs,0.0038045399140687053
bias,0.005045110150265986
factive_verbs,0.023873448393267216
report_verbs,0.02394315861921026
implicative_verbs,0.03532212000972379
hedges,0.04144200584519564
quoted_sources,0.05407528754269575
consistency_score,0.05996926655954882
sectarian_language,0.2964444755927509
