feature,MI
implicative_verbs,0.0
assertive_verbs,0.0005894908912935648
bias,0.007176328320773306
report_verbs,0.022411105128201436
hedges,0.03712284518275144
consistency_score,0.055769596052435144
factive_verbs,0.056742414132999075
quoted_sources,0.07669005038058829
sectarian_language,0.29943114112021596
